{"cameraMode":{"drawMode":0,"name":"Shaded","section":"Shading Mode"},"sceneLighting":false,"audioPlay":false,"sceneViewState":{"m_AlwaysRefresh":false,"showFog":false,"showSkybox":false,"showFlares":false,"showImageEffects":false,"showParticleSystems":false,"showVisualEffectGraphs":true,"m_FxEnabled":true},"in2DMode":false,"pivot":{"x":0.9279378056526184,"y":0.15969184041023255,"z":-0.4457714855670929},"rotation":{"x":-0.001295251538977027,"y":0.9020034670829773,"z":0.002706053201109171,"w":0.43171757459640505},"size":0.6827225685119629,"orthographic":false}