{"cameraMode":{"drawMode":0,"name":"Shaded","section":"Shading Mode"},"sceneLighting":false,"audioPlay":false,"sceneViewState":{"m_AlwaysRefresh":false,"showFog":true,"showSkybox":false,"showFlares":true,"showImageEffects":true,"showParticleSystems":true,"showVisualEffectGraphs":true,"m_FxEnabled":true},"in2DMode":false,"pivot":{"x":-3.5799121856689455,"y":-22.521709442138673,"z":-87.2286605834961},"rotation":{"x":-0.002501637442037463,"y":-0.9858667850494385,"z":0.16853053867816926,"w":-0.015188020654022694},"size":56.44740295410156,"orthographic":false}