{"cameraMode":{"drawMode":0,"name":"Shaded","section":"Shading Mode"},"sceneLighting":true,"audioPlay":false,"sceneViewState":{"m_AlwaysRefresh":false,"showFog":true,"showSkybox":true,"showFlares":true,"showImageEffects":true,"showParticleSystems":true,"showVisualEffectGraphs":true,"m_FxEnabled":true},"in2DMode":false,"pivot":{"x":9.39056396484375,"y":13.106410026550293,"z":-9.38926887512207},"rotation":{"x":-0.24487076699733735,"y":-0.056413594633340839,"z":0.014250301755964756,"w":-0.9678223133087158},"size":1.7750110626220704,"orthographic":false}