{"cameraMode":{"drawMode":0,"name":"Shaded","section":"Shading Mode"},"sceneLighting":true,"audioPlay":false,"sceneViewState":{"m_AlwaysRefresh":false,"showFog":true,"showSkybox":true,"showFlares":true,"showImageEffects":true,"showParticleSystems":true,"showVisualEffectGraphs":true,"m_FxEnabled":true},"in2DMode":false,"pivot":{"x":4.511844635009766,"y":1.1259450912475587,"z":5.673877239227295},"rotation":{"x":0.019487127661705018,"y":-0.034486569464206699,"z":0.0006726092542521656,"w":0.9992144107818604},"size":13.802139282226563,"orthographic":true}