{"cameraMode":{"drawMode":0,"name":"Shaded","section":"Shading Mode"},"sceneLighting":false,"audioPlay":false,"sceneViewState":{"m_AlwaysRefresh":false,"showFog":true,"showSkybox":false,"showFlares":true,"showImageEffects":true,"showParticleSystems":true,"showVisualEffectGraphs":true,"m_FxEnabled":true},"in2DMode":false,"pivot":{"x":-24.629690170288087,"y":1.595718502998352,"z":6.984205722808838},"rotation":{"x":0.37075841426849368,"y":0.08048693835735321,"z":-0.03223969787359238,"w":0.9247334599494934},"size":20.060386657714845,"orthographic":false}