{"cameraMode":{"drawMode":0,"name":"Shaded","section":"Shading Mode"},"sceneLighting":false,"audioPlay":false,"sceneViewState":{"m_AlwaysRefresh":false,"showFog":true,"showSkybox":false,"showFlares":true,"showImageEffects":true,"showParticleSystems":true,"showVisualEffectGraphs":true,"m_FxEnabled":true},"in2DMode":false,"pivot":{"x":1.0749067068099976,"y":1.5187511444091797,"z":-0.27627822756767275},"rotation":{"x":0.4089474380016327,"y":-0.37100890278816225,"z":0.18704700469970704,"w":0.8127589225769043},"size":0.7134450674057007,"orthographic":false}